event_id,compound,n_laps,observed_slope,predicted_slope
2022_11_R,HARD,14,0.08085520653094003,0.05920952185988426
2022_11_R,HARD,17,0.029772178234126215,0.05920952185988426
2022_11_R,HARD,9,0.10499928140270123,0.05920952185988426
2022_11_R,HARD,10,0.10153977067533602,0.05920952185988426
2022_11_R,HARD,19,0.08000413056327012,0.05920952185988426
2022_11_R,HARD,9,0.13127807002658506,0.05920952185988426
2022_11_R,HARD,14,0.11895116705387036,0.05920952185988426
2022_11_R,HARD,9,0.09051766634288108,0.05920952185988426
2022_11_R,HARD,9,0.07812470657276784,0.05920952185988426
2022_11_R,HARD,4,0.07371856955180124,0.05920952185988426
2022_11_R,HARD,18,0.05823232276739469,0.05920952185988426
2022_11_R,HARD,16,0.1111589334027381,0.05920952185988426
2022_11_R,HARD,14,0.0586658315555726,0.05920952185988426
2022_11_R,HARD,15,0.08556432119386413,0.05920952185988426
2022_11_R,HARD,8,0.08270109546166025,0.05920952185988426
2022_11_R,HARD,12,0.04577992035985336,0.05920952185988426
2022_11_R,HARD,17,0.13090306925781117,0.05920952185988426
2022_11_R,HARD,18,0.08827220585815428,0.05920952185988426
2022_11_R,HARD,7,0.14482827082979594,0.05920952185988426
2022_11_R,MEDIUM,9,0.08429553990610326,0.08391055464744568
2022_11_R,MEDIUM,10,0.051526278748726145,0.08391055464744568
2022_11_R,MEDIUM,11,0.050324327784891765,0.08391055464744568
2022_11_R,MEDIUM,11,0.1771334186939787,0.08391055464744568
2022_11_R,MEDIUM,6,0.02670744466801122,0.08391055464744568
2022_11_R,MEDIUM,4,0.12737887323944178,0.08391055464744568
2022_11_R,MEDIUM,8,0.07316934942991554,0.08391055464744568
2022_11_R,MEDIUM,17,0.06985310459992984,0.08391055464744568
2022_11_R,MEDIUM,15,0.050163564250672185,0.08391055464744568
2022_11_R,MEDIUM,17,0.053756757854821896,0.08391055464744568
2022_11_R,MEDIUM,6,0.08454444700992676,0.08391055464744568
2022_11_R,MEDIUM,11,0.19276069142125551,0.08391055464744568
2022_11_R,MEDIUM,13,0.08201836903775483,0.08391055464744568
2022_12_R,MEDIUM,7,0.1275359956035879,0.055568620562553406
2022_12_R,MEDIUM,10,0.06834899942824497,0.055568620562553406
2022_12_R,MEDIUM,11,0.07270046935135831,0.055568620562553406
2022_12_R,MEDIUM,6,0.021800062545605268,0.055568620562553406
2022_12_R,MEDIUM,14,0.08171030478954651,0.055568620562553406
2022_12_R,MEDIUM,16,0.09476268035515947,0.055568620562553406
2022_12_R,MEDIUM,12,0.06657533975458457,0.055568620562553406
2022_12_R,MEDIUM,10,0.06186415094339803,0.055568620562553406
2022_12_R,MEDIUM,8,0.06641891284815199,0.055568620562553406
2022_12_R,MEDIUM,4,0.07117251747725968,0.055568620562553406
2022_12_R,MEDIUM,6,0.06147083787348275,0.055568620562553406
2022_12_R,MEDIUM,9,0.23003081761006225,0.055568620562553406
2022_12_R,HARD,18,0.040376395275750904,0.050537485629320145
2022_12_R,HARD,27,0.026018596101923818,0.050537485629320145
2022_12_R,HARD,12,0.06928984264300121,0.050537485629320145
2022_12_R,HARD,26,0.07805338904790064,0.050537485629320145
2022_12_R,HARD,8,0.22724034141959065,0.050537485629320145
2022_12_R,HARD,7,0.2389784366576801,0.050537485629320145
2022_12_R,HARD,27,0.04980463937527249,0.050537485629320145
2022_12_R,HARD,16,0.052989278566766065,0.050537485629320145
2022_12_R,HARD,6,-0.019892475562629117,0.050537485629320145
2022_12_R,HARD,11,0.048486550943398266,0.050537485629320145
2022_12_R,HARD,11,0.036045584550917324,0.050537485629320145
2022_12_R,HARD,11,0.03535343665768244,0.050537485629320145
2022_12_R,HARD,13,0.028210325621799537,0.050537485629320145
2022_12_R,HARD,4,0.2814641509433956,0.050537485629320145
2022_12_R,HARD,27,0.07207396976700921,0.050537485629320145
2022_12_R,HARD,5,-0.024435849056607766,0.050537485629320145
2022_12_R,HARD,5,0.09286415094339093,0.050537485629320145
2022_12_R,HARD,18,0.08907693386346671,0.050537485629320145
2022_14_R,HARD,12,0.20942145015105687,0.07055489718914032
2022_14_R,HARD,13,0.08110439560439753,0.07055489718914032
2022_14_R,HARD,9,0.2715797297297269,0.07055489718914032
2022_14_R,HARD,11,0.16687776141383912,0.07055489718914032
2022_14_R,HARD,14,0.21943736263736427,0.07055489718914032
2022_14_R,HARD,13,0.19732843472316633,0.07055489718914032
2022_14_R,HARD,11,0.1160352595494639,0.07055489718914032
2022_14_R,HARD,15,0.20156071428571343,0.07055489718914032
2022_14_R,HARD,5,-0.009337837837843033,0.07055489718914032
2022_14_R,HARD,12,0.21840056285177914,0.07055489718914032
2022_14_R,HARD,17,0.08875490196078242,0.07055489718914032
2022_14_R,HARD,4,0.2405000000000003,0.07055489718914032
2022_14_R,HARD,13,0.09263628715647641,0.07055489718914032
2022_14_R,MEDIUM,15,0.09639642857143131,0.10184527188539505
2022_14_R,MEDIUM,8,0.11509523809523778,0.10184527188539505
2022_14_R,MEDIUM,10,0.08350303030303233,0.10184527188539505
2022_14_R,MEDIUM,13,0.13189597957881496,0.10184527188539505
2022_14_R,MEDIUM,13,0.11577486910995084,0.10184527188539505
2022_14_R,MEDIUM,9,0.10321666666666934,0.10184527188539505
2022_14_R,MEDIUM,9,0.21814838709677808,0.10184527188539505
2022_14_R,MEDIUM,8,0.2762197496522992,0.10184527188539505
2022_14_R,MEDIUM,5,0.27344186046511754,0.10184527188539505
2022_14_R,MEDIUM,12,0.12136013986013718,0.10184527188539505
2022_14_R,MEDIUM,11,0.22250771388499252,0.10184527188539505
2022_14_R,MEDIUM,7,0.05421359223300665,0.10184527188539505
2022_14_R,MEDIUM,12,0.20260677783754302,0.10184527188539505
2022_14_R,MEDIUM,13,0.2872747252747279,0.10184527188539505
2022_14_R,MEDIUM,5,0.15244594594594668,0.10184527188539505
2022_14_R,SOFT,17,0.10237250866551198,0.09781495481729507
2022_14_R,SOFT,5,0.15200000000000502,0.09781495481729507
2022_14_R,SOFT,6,0.6568571428571458,0.09781495481729507
2022_15_R,MEDIUM,7,0.049547619047618105,0.017589665949344635
2022_15_R,MEDIUM,18,0.025322807017543924,0.017589665949344635
2022_15_R,MEDIUM,8,0.046899522957663774,0.017589665949344635
2022_15_R,MEDIUM,8,0.061333333333332254,0.017589665949344635
2022_15_R,MEDIUM,15,0.029876190476189998,0.017589665949344635
2022_15_R,MEDIUM,7,0.06921282051281863,0.017589665949344635
2022_15_R,MEDIUM,10,0.06744871794871075,0.017589665949344635
2022_15_R,MEDIUM,23,0.05445942119077006,0.017589665949344635
2022_15_R,MEDIUM,4,0.139415273132665,0.017589665949344635
2022_15_R,MEDIUM,9,0.08250476190476332,0.017589665949344635
2022_15_R,MEDIUM,5,0.08713333333334236,0.017589665949344635
2022_15_R,MEDIUM,13,0.08898770433546242,0.017589665949344635
2022_15_R,MEDIUM,10,0.07863053613053923,0.017589665949344635
2022_15_R,MEDIUM,18,0.07155401523666934,0.017589665949344635
2022_15_R,MEDIUM,16,0.03845006747638289,0.017589665949344635
2022_15_R,MEDIUM,24,0.05266856871136334,0.017589665949344635
2022_15_R,MEDIUM,16,0.042279155435759566,0.017589665949344635
2022_15_R,MEDIUM,27,0.05208119658119475,0.017589665949344635
2022_15_R,MEDIUM,21,0.04082361721977846,0.017589665949344635
2022_15_R,MEDIUM,18,0.028463162339033385,0.017589665949344635
2022_15_R,MEDIUM,4,0.17403333333333545,0.017589665949344635
2022_15_R,HARD,4,0.028214628297358667,0.015818249434232712
2022_15_R,HARD,12,0.04616335592594046,0.015818249434232712
2022_15_R,HARD,13,0.04101244789906729,0.015818249434232712
2022_15_R,HARD,10,0.007868405670026685,0.015818249434232712
2022_15_R,HARD,13,0.03221905233069347,0.015818249434232712
2022_15_R,HARD,26,0.04113341707763385,0.015818249434232712
2022_15_R,HARD,28,0.03626734116291376,0.015818249434232712
2022_15_R,HARD,6,0.0523965711073593,0.015818249434232712
2022_15_R,HARD,7,0.11672764227642107,0.015818249434232712
2022_15_R,HARD,7,0.018319333333334457,0.015818249434232712
2022_15_R,HARD,4,-0.04035585585586105,0.015818249434232712
2022_15_R,HARD,8,0.03977733333333002,0.015818249434232712
2022_15_R,HARD,4,0.051233333333335296,0.015818249434232712
2022_15_R,HARD,6,0.08574684684684925,0.015818249434232712
2022_15_R,SOFT,7,0.2949404761904817,0.01936430111527443
2022_15_R,SOFT,6,0.0419115288220578,0.01936430111527443
2022_15_R,SOFT,6,0.2768047619047567,0.01936430111527443
2022_15_R,SOFT,4,0.2495333333333364,0.01936430111527443
2022_15_R,SOFT,5,0.1811333333333304,0.01936430111527443
2022_15_R,SOFT,5,0.028133333333330922,0.01936430111527443
2022_15_R,SOFT,8,0.11373809523809662,0.01936430111527443
2022_15_R,SOFT,5,-0.07816666666667257,0.01936430111527443
2022_15_R,SOFT,8,0.02111904761904404,0.01936430111527443
2022_15_R,SOFT,7,0.04057923497267624,0.01936430111527443
2022_15_R,SOFT,8,0.08783333333333669,0.01936430111527443
2022_15_R,SOFT,6,-0.03198095238095362,0.01936430111527443
2022_15_R,SOFT,14,0.05470788954635153,0.01936430111527443
2022_15_R,SOFT,9,0.09926666666665916,0.01936430111527443
2022_15_R,SOFT,5,0.13173333333332843,0.01936430111527443
2022_16_R,MEDIUM,6,0.019976968272618537,0.0001094790204660967
2022_16_R,MEDIUM,11,0.04484972757523405,0.0001094790204660967
2022_16_R,MEDIUM,10,0.07139838969404241,0.0001094790204660967
2022_16_R,MEDIUM,18,0.09397224234075896,0.0001094790204660967
2022_16_R,MEDIUM,5,0.04314514547237656,0.0001094790204660967
2022_16_R,MEDIUM,14,0.05051969008132007,0.0001094790204660967
2022_16_R,MEDIUM,16,0.060678836317136026,0.0001094790204660967
2022_16_R,MEDIUM,10,0.09766413043478497,0.0001094790204660967
2022_16_R,MEDIUM,16,0.08289942455243228,0.0001094790204660967
2022_16_R,MEDIUM,7,0.06014689742507475,0.0001094790204660967
2022_16_R,MEDIUM,13,0.06619945143344372,0.0001094790204660967
2022_16_R,SOFT,5,0.028569027341995835,0.00016933318693190813
2022_16_R,SOFT,8,0.08641770186335011,0.00016933318693190813
2022_16_R,SOFT,10,0.03386640316205611,0.00016933318693190813
2022_16_R,SOFT,9,0.06735869565217069,0.00016933318693190813
2022_16_R,SOFT,4,-0.10095005875440546,0.00016933318693190813
2022_16_R,SOFT,8,0.030667701863351146,0.00016933318693190813
2022_16_R,SOFT,11,0.09735917112654426,0.00016933318693190813
2022_16_R,SOFT,10,0.03745683787704313,0.00016933318693190813
2022_16_R,SOFT,12,0.0910821419135129,0.00016933318693190813
2022_16_R,HARD,4,0.16363913043478764,2.2768253984395415e-05
2022_16_R,HARD,16,0.07932248274633041,2.2768253984395415e-05
2022_16_R,HARD,16,0.099545331985174,2.2768253984395415e-05
2022_16_R,HARD,21,0.04710884747271228,2.2768253984395415e-05
2022_16_R,HARD,20,0.057833332239736815,2.2768253984395415e-05
2022_16_R,HARD,16,0.06370316949170231,2.2768253984395415e-05
2022_16_R,HARD,21,0.057784467374684866,2.2768253984395415e-05
2022_16_R,HARD,9,0.10987246376811678,2.2768253984395415e-05
2022_16_R,HARD,16,0.0680559042512652,2.2768253984395415e-05
2022_19_R,MEDIUM,5,0.41421235521236416,0.019536614418029785
2022_19_R,MEDIUM,8,0.07420238095238117,0.019536614418029785
2022_19_R,MEDIUM,9,0.13043273809523687,0.019536614418029785
2022_19_R,MEDIUM,4,0.06542857142857125,0.019536614418029785
2022_19_R,MEDIUM,14,0.08757251824452886,0.019536614418029785
2022_19_R,MEDIUM,23,0.05391328716065845,0.019536614418029785
2022_19_R,MEDIUM,6,0.005469269102990097,0.019536614418029785
2022_19_R,MEDIUM,5,0.11455019305018924,0.019536614418029785
2022_19_R,MEDIUM,11,0.0950653235653264,0.019536614418029785
2022_19_R,MEDIUM,7,0.15889285714286536,0.019536614418029785
2022_19_R,MEDIUM,10,0.16066897774911437,0.019536614418029785
2022_19_R,MEDIUM,11,0.13307402597402923,0.019536614418029785
2022_19_R,MEDIUM,13,0.09337174877815786,0.019536614418029785
2022_19_R,MEDIUM,4,0.08839010989010841,0.019536614418029785
2022_19_R,MEDIUM,11,0.016746753246753492,0.019536614418029785
2022_19_R,HARD,11,0.15560717367188304,0.009325096383690834
2022_19_R,HARD,11,0.04441948051948475,0.009325096383690834
2022_19_R,HARD,11,0.012835454019667642,0.009325096383690834
2022_19_R,HARD,5,0.015920318333659606,0.009325096383690834
2022_19_R,HARD,10,0.023118477331049107,0.009325096383690834
2022_19_R,HARD,13,0.057093887473951194,0.009325096383690834
2022_19_R,HARD,18,0.023321475920273917,0.009325096383690834
2022_19_R,HARD,4,-0.014171428571423193,0.009325096383690834
2022_19_R,HARD,7,0.054991071428569405,0.009325096383690834
2022_19_R,HARD,15,0.07752673216427498,0.009325096383690834
2022_19_R,HARD,5,0.0559881569208004,0.009325096383690834
2022_19_R,HARD,4,0.06837684729064313,0.009325096383690834
2022_19_R,HARD,7,0.07894671658986102,0.009325096383690834
2022_19_R,HARD,5,0.04442551999003381,0.009325096383690834
2022_19_R,HARD,17,0.045255918978138715,0.009325096383690834
2022_19_R,HARD,14,0.1246269885349283,0.009325096383690834
2022_19_R,HARD,12,0.0030041181482520487,0.009325096383690834
2022_19_R,HARD,6,0.055702881152458306,0.009325096383690834
2022_19_R,HARD,5,0.03967275747507904,0.009325096383690834
2022_19_R,HARD,7,-0.048698240165629195,0.009325096383690834
2022_1_R,SOFT,6,0.2517962184873917,0.04580794274806976
2022_1_R,SOFT,5,0.3476285714285807,0.04580794274806976
2022_1_R,SOFT,5,0.22842857142857081,0.04580794274806976
2022_1_R,SOFT,15,0.1827084674424416,0.04580794274806976
2022_1_R,SOFT,15,0.22900287818767398,0.04580794274806976
2022_1_R,SOFT,4,0.28032857142857837,0.04580794274806976
2022_1_R,SOFT,13,0.18177472527472988,0.04580794274806976
2022_1_R,SOFT,11,0.16711948051947856,0.04580794274806976
2022_1_R,SOFT,6,0.2594142857142881,0.04580794274806976
2022_1_R,SOFT,7,0.21357142857142164,0.04580794274806976
2022_1_R,SOFT,18,0.20479131652661586,0.04580794274806976
2022_1_R,SOFT,10,0.15832059614073385,0.04580794274806976
2022_1_R,SOFT,5,0.1843285714285712,0.04580794274806976
2022_1_R,SOFT,7,0.20390807962528598,0.04580794274806976
2022_1_R,SOFT,11,0.1661662076398052,0.04580794274806976
2022_1_R,SOFT,8,0.16929761904761442,0.04580794274806976
2022_1_R,SOFT,10,0.18208614718614427,0.04580794274806976
2022_1_R,SOFT,12,0.18298801198801234,0.04580794274806976
2022_1_R,SOFT,14,0.12845800380418687,0.04580794274806976
2022_1_R,SOFT,5,0.29522857142856507,0.04580794274806976
2022_1_R,SOFT,8,0.14178571428571493,0.04580794274806976
2022_1_R,SOFT,9,0.08176307847082889,0.04580794274806976
2022_1_R,SOFT,7,0.1403571428571391,0.04580794274806976
2022_1_R,SOFT,9,0.22725948051948283,0.04580794274806976
2022_1_R,MEDIUM,15,0.11822458446768855,0.03922470286488533
2022_1_R,MEDIUM,7,0.09449999999999903,0.03922470286488533
2022_1_R,MEDIUM,6,0.17652857142857328,0.03922470286488533
2022_1_R,MEDIUM,7,0.027992352749756266,0.03922470286488533
2022_1_R,MEDIUM,6,0.317242857142859,0.03922470286488533
2022_1_R,MEDIUM,14,0.12867142857142747,0.03922470286488533
2022_1_R,MEDIUM,10,0.061067295951907824,0.03922470286488533
2022_1_R,MEDIUM,4,0.2755285714285752,0.03922470286488533
2022_1_R,MEDIUM,8,0.17567385444744052,0.03922470286488533
2022_1_R,MEDIUM,13,0.14545054945055103,0.03922470286488533
2022_1_R,MEDIUM,8,0.2535714285714261,0.03922470286488533
2022_1_R,MEDIUM,16,0.16704779994990257,0.03922470286488533
2022_1_R,MEDIUM,11,0.13383460157932361,0.03922470286488533
2022_1_R,MEDIUM,16,0.22866533613445333,0.03922470286488533
2022_1_R,MEDIUM,7,0.13732142857142846,0.03922470286488533
2022_1_R,MEDIUM,8,0.1608159588159558,0.03922470286488533
2022_1_R,MEDIUM,11,0.20245584415584159,0.03922470286488533
2022_1_R,MEDIUM,8,0.18344223263075643,0.03922470286488533
2022_1_R,MEDIUM,17,0.11548739495798695,0.03922470286488533
2022_1_R,MEDIUM,6,0.31755714285714404,0.03922470286488533
2022_1_R,HARD,11,0.1918856296714137,0.021510368213057518
2022_1_R,HARD,9,0.17891795822102685,0.021510368213057518
2022_1_R,HARD,12,0.1549670329670355,0.021510368213057518
2022_1_R,HARD,9,0.10728523809524203,0.021510368213057518
2022_1_R,HARD,8,0.13109523809523613,0.021510368213057518
2022_1_R,HARD,7,0.1134736533957855,0.021510368213057518
2022_1_R,HARD,16,0.16642857142856754,0.021510368213057518
2022_20_R,MEDIUM,19,0.043624872781431054,0.03461437672376633
2022_20_R,MEDIUM,36,0.033780437580437445,0.03461437672376633
2022_20_R,MEDIUM,16,0.04140021008403279,0.03461437672376633
2022_20_R,MEDIUM,13,0.08069780219780125,0.03461437672376633
2022_20_R,MEDIUM,11,0.04101284420624534,0.03461437672376633
2022_20_R,MEDIUM,30,0.058949657178343766,0.03461437672376633
2022_20_R,MEDIUM,24,0.037151211361738226,0.03461437672376633
2022_20_R,MEDIUM,33,0.05280918490545461,0.03461437672376633
2022_20_R,MEDIUM,9,0.0541792421193819,0.03461437672376633
2022_20_R,MEDIUM,17,0.034321778711484105,0.03461437672376633
2022_20_R,MEDIUM,13,0.061281332004975604,0.03461437672376633
2022_20_R,MEDIUM,18,0.044434304058701704,0.03461437672376633
2022_20_R,MEDIUM,17,0.03420942686332853,0.03461437672376633
2022_20_R,MEDIUM,27,0.05017617165443212,0.03461437672376633
2022_20_R,MEDIUM,9,0.04882470554711097,0.03461437672376633
2022_20_R,MEDIUM,36,0.05354237230400713,0.03461437672376633
2022_20_R,MEDIUM,14,0.04441881868131514,0.03461437672376633
2022_20_R,MEDIUM,25,0.04122978021978098,0.03461437672376633
2022_20_R,SOFT,17,0.06521004700930323,0.03743293508887291
2022_20_R,SOFT,8,0.07994194009408613,0.03743293508887291
2022_20_R,SOFT,4,0.061242857142855406,0.03743293508887291
2022_20_R,SOFT,8,0.10105511341026326,0.03743293508887291
2022_20_R,SOFT,15,0.1162050321861872,0.03743293508887291
2022_20_R,SOFT,23,0.06579358772475848,0.03743293508887291
2022_20_R,SOFT,12,0.0707703875072279,0.03743293508887291
2022_20_R,SOFT,12,0.057971528471525986,0.03743293508887291
2022_20_R,SOFT,11,0.08157721884498266,0.03743293508887291
2022_20_R,SOFT,23,0.08217250141163182,0.03743293508887291
2022_20_R,SOFT,14,0.046378958225891616,0.03743293508887291
2022_20_R,SOFT,20,0.08060505738672513,0.03743293508887291
2022_20_R,SOFT,10,0.07036103896104104,0.03743293508887291
2022_20_R,SOFT,23,0.06354404291360599,0.03743293508887291
2022_20_R,SOFT,9,0.06135952380952479,0.03743293508887291
2022_20_R,SOFT,10,0.07720952380952303,0.03743293508887291
2022_20_R,HARD,16,0.19033991596638858,0.013955566100776196
2022_20_R,HARD,13,0.06569381708597083,0.013955566100776196
2022_20_R,HARD,32,0.0517026856766339,0.013955566100776196
2022_20_R,HARD,19,0.05205556542437984,0.013955566100776196
2022_20_R,HARD,16,0.038242295880544445,0.013955566100776196
2022_20_R,HARD,22,0.05259018084718997,0.013955566100776196
2022_20_R,HARD,20,0.05357025432705148,0.013955566100776196
2022_21_R,MEDIUM,10,0.1029516005121655,0.31618496775627136
2022_21_R,MEDIUM,15,0.08125419324842116,0.31618496775627136
2022_21_R,MEDIUM,6,0.14142173038229733,0.31618496775627136
2022_21_R,MEDIUM,17,0.06654410892967084,0.31618496775627136
2022_21_R,MEDIUM,10,0.07246791433532557,0.31618496775627136
2022_21_R,MEDIUM,10,0.11470917626973863,0.31618496775627136
2022_21_R,MEDIUM,6,0.09347887323943513,0.31618496775627136
2022_21_R,MEDIUM,13,0.09100657909132584,0.31618496775627136
2022_21_R,MEDIUM,5,0.027790903314624953,0.31618496775627136
2022_21_R,MEDIUM,15,0.07739736230504389,0.31618496775627136
2022_21_R,MEDIUM,11,0.21769297414499783,0.31618496775627136
2022_21_R,MEDIUM,13,0.08923312894389439,0.31618496775627136
2022_21_R,MEDIUM,7,0.09913558965734555,0.31618496775627136
2022_21_R,MEDIUM,19,0.06781746973066477,0.31618496775627136
2022_21_R,MEDIUM,7,0.05316249208312163,0.31618496775627136
2022_21_R,MEDIUM,21,0.04084025416395335,0.31618496775627136
2022_21_R,MEDIUM,7,0.10676458752515029,0.31618496775627136
2022_21_R,MEDIUM,13,0.13010524686580924,0.31618496775627136
2022_21_R,MEDIUM,10,0.052577962077705306,0.31618496775627136
2022_21_R,MEDIUM,9,0.06576060698556764,0.31618496775627136
2022_21_R,MEDIUM,7,0.05102666735708676,0.31618496775627136
2022_21_R,MEDIUM,13,0.17707040231337676,0.31618496775627136
2022_21_R,MEDIUM,12,0.09354365056737363,0.31618496775627136
2022_21_R,MEDIUM,13,0.1253481592235682,0.31618496775627136
2022_21_R,SOFT,4,0.19957887323944137,0.28660881519317627
2022_21_R,SOFT,9,0.021401648108547038,0.28660881519317627
2022_21_R,SOFT,7,0.11555030181086544,0.28660881519317627
2022_21_R,SOFT,10,0.07781960883971546,0.28660881519317627
2022_21_R,SOFT,13,0.1060887633493261,0.28660881519317627
2022_21_R,SOFT,7,0.07826458752514709,0.28660881519317627
2022_21_R,SOFT,10,0.058962146113274626,0.28660881519317627
2022_21_R,SOFT,8,0.023483256897162266,0.28660881519317627
2022_21_R,SOFT,14,0.08848008664759477,0.28660881519317627
2022_21_R,SOFT,5,0.029971639966381417,0.28660881519317627
2022_21_R,SOFT,8,0.12990070214799027,0.28660881519317627
2022_21_R,SOFT,9,0.044714015870182595,0.28660881519317627
2022_21_R,SOFT,4,0.18647887323943413,0.28660881519317627
2022_21_R,SOFT,16,0.08512004971002637,0.28660881519317627
2022_21_R,SOFT,13,0.08525591568580751,0.28660881519317627
2022_21_R,SOFT,10,0.09260080604426964,0.28660881519317627
2022_21_R,SOFT,8,0.11405030181086431,0.28660881519317627
2022_21_R,SOFT,15,0.09446712005627664,0.28660881519317627
2022_21_R,SOFT,9,0.041545539906096995,0.28660881519317627
2022_21_R,SOFT,11,0.05475719957861215,0.28660881519317627
2022_21_R,SOFT,7,0.08405030181086637,0.28660881519317627
2022_21_R,SOFT,8,0.1624463822647061,0.28660881519317627
2022_21_R,HARD,10,0.1638485702091301,0.24474743008613586
2022_22_R,HARD,15,0.059941826144586666,0.0002016232901951298
2022_22_R,HARD,17,0.057713345617267826,0.0002016232901951298
2022_22_R,HARD,22,0.05353192530774983,0.0002016232901951298
2022_22_R,HARD,21,0.07569005821764604,0.0002016232901951298
2022_22_R,HARD,32,0.05059963222181547,0.0002016232901951298
2022_22_R,HARD,4,0.14179655172413466,0.0002016232901951298
2022_22_R,HARD,7,0.09025007595321005,0.0002016232901951298
2022_22_R,HARD,19,0.07552406696803941,0.0002016232901951298
2022_22_R,HARD,21,0.04835908099814238,0.0002016232901951298
2022_22_R,HARD,13,0.07160102024139818,0.0002016232901951298
2022_22_R,HARD,11,0.05301072495248193,0.0002016232901951298
2022_22_R,HARD,13,0.05446761080391237,0.0002016232901951298
2022_22_R,HARD,21,0.04835994014278478,0.0002016232901951298
2022_22_R,HARD,17,0.0585270091045959,0.0002016232901951298
2022_22_R,HARD,12,0.0471196922200046,0.0002016232901951298
2022_22_R,HARD,16,0.09546102322385888,0.0002016232901951298
2022_22_R,HARD,19,0.04982861934114216,0.0002016232901951298
2022_22_R,HARD,11,0.06034200626959372,0.0002016232901951298
2022_22_R,HARD,29,0.042385358999409296,0.0002016232901951298
2022_22_R,HARD,10,0.020550639774449316,0.0002016232901951298
2022_22_R,MEDIUM,17,0.2903189560957248,0.0013356193667277694
2022_22_R,MEDIUM,16,0.02613236732697484,0.0013356193667277694
2022_22_R,MEDIUM,8,0.14363931699745142,0.0013356193667277694
2022_22_R,MEDIUM,4,0.11749655172413224,0.0013356193667277694
2022_22_R,MEDIUM,14,0.23650973853732288,0.0013356193667277694
2022_22_R,MEDIUM,14,0.1305471011746864,0.0013356193667277694
2022_22_R,MEDIUM,23,0.08598466275205642,0.0013356193667277694
2022_22_R,MEDIUM,10,0.20979039461161236,0.0013356193667277694
2022_22_R,MEDIUM,6,0.16569655172413672,0.0013356193667277694
2022_22_R,MEDIUM,14,0.2626036169415255,0.0013356193667277694
2022_22_R,MEDIUM,5,0.10549655172414048,0.0013356193667277694
2022_22_R,MEDIUM,8,0.1948846469622324,0.0013356193667277694
2022_22_R,MEDIUM,6,0.19003940886698903,0.0013356193667277694
2022_22_R,MEDIUM,12,0.07617949954554966,0.0013356193667277694
2022_22_R,MEDIUM,9,0.09949977753058982,0.0013356193667277694
2022_22_R,MEDIUM,10,0.10616602385407152,0.0013356193667277694
2022_22_R,MEDIUM,17,0.1309210615280583,0.0013356193667277694
2022_22_R,MEDIUM,9,0.13319890774507923,0.0013356193667277694
2022_22_R,MEDIUM,10,0.15664806687565216,0.0013356193667277694
2022_22_R,SOFT,9,0.1125715517241376,0.0012669069692492485
2022_2_R,MEDIUM,4,0.1560127659574532,0.00022559768694918603
2022_2_R,MEDIUM,7,0.09678419452887597,0.00022559768694918603
2022_2_R,MEDIUM,9,0.10482943262411516,0.00022559768694918603
2022_2_R,MEDIUM,6,-0.002872948328273135,0.00022559768694918603
2022_2_R,MEDIUM,10,0.1334733720180515,0.00022559768694918603
2022_2_R,MEDIUM,4,0.04231276595745236,0.00022559768694918603
2022_2_R,MEDIUM,4,0.06559738134205756,0.00022559768694918603
2022_2_R,MEDIUM,13,0.11658089782558122,0.00022559768694918603
2022_2_R,MEDIUM,12,-0.00838863264395351,0.00022559768694918603
2022_2_R,MEDIUM,10,0.1043097356544158,0.00022559768694918603
2022_2_R,MEDIUM,5,0.14261276595744637,0.00022559768694918603
2022_2_R,MEDIUM,4,-0.019692639447954883,0.00022559768694918603
2022_2_R,HARD,4,-0.08128723404255382,2.5867631848086603e-05
2022_2_R,HARD,7,0.12639133738602013,2.5867631848086603e-05
2022_2_R,HARD,11,-0.004487234042551157,2.5867631848086603e-05
2022_2_R,HARD,12,-0.002598094653870192,2.5867631848086603e-05
2022_2_R,HARD,19,0.03552037912617295,2.5867631848086603e-05
2022_2_R,HARD,13,-0.01854307942706454,2.5867631848086603e-05
2022_2_R,HARD,17,-0.025400214811782357,2.5867631848086603e-05
2022_2_R,HARD,9,-0.01650890070922288,2.5867631848086603e-05
2022_2_R,HARD,14,0.016139093969056342,2.5867631848086603e-05
2022_2_R,HARD,19,0.014113186261359795,2.5867631848086603e-05
2022_2_R,HARD,17,0.01054969185206389,2.5867631848086603e-05
2022_2_R,HARD,15,0.001571737437345204,2.5867631848086603e-05
2022_2_R,HARD,15,0.028090722438053294,2.5867631848086603e-05
2022_3_R,HARD,14,-0.028134531078409915,0.00527195306494832
2022_3_R,HARD,9,0.0294753396029243,0.00527195306494832
2022_3_R,HARD,5,0.26209655172413016,0.00527195306494832
2022_3_R,HARD,7,0.08879510244878193,0.00527195306494832
2022_3_R,HARD,9,0.03264042427315705,0.00527195306494832
2022_3_R,HARD,8,0.034384646962237156,0.00527195306494832
2022_3_R,HARD,15,0.013370726760004878,0.00527195306494832
2022_3_R,HARD,27,0.01209463119196712,0.00527195306494832
2022_3_R,HARD,6,0.002633314205227109,0.00527195306494832
2022_3_R,HARD,5,0.043693710996401576,0.00527195306494832
2022_3_R,HARD,18,0.011498961362691877,0.00527195306494832
2022_3_R,HARD,13,0.046583364910953516,0.00527195306494832
2022_3_R,HARD,19,0.024960108037162605,0.00527195306494832
2022_3_R,HARD,11,-0.0039034482758610553,0.00527195306494832
2022_3_R,HARD,21,0.008912028346102864,0.00527195306494832
2022_3_R,HARD,14,0.0554195323617285,0.00527195306494832
2022_3_R,HARD,18,0.027119602226617984,0.00527195306494832
2022_3_R,HARD,12,0.028540418315429503,0.00527195306494832
2022_3_R,HARD,9,-0.06412011494253181,0.00527195306494832
2022_3_R,HARD,4,-0.011600519405570085,0.00527195306494832
2022_3_R,MEDIUM,4,0.19812880978865177,0.02412455342710018
2022_3_R,MEDIUM,9,0.0015220619282229548,0.02412455342710018
2022_3_R,MEDIUM,15,0.09920369458128188,0.02412455342710018
2022_3_R,MEDIUM,6,0.010421141888073759,0.02412455342710018
2022_3_R,MEDIUM,9,0.17346321839080517,0.02412455342710018
2022_3_R,MEDIUM,4,0.2781965517241388,0.02412455342710018
2022_3_R,MEDIUM,6,0.043839408866991954,0.02412455342710018
2022_4_R,MEDIUM,27,-0.004574671630368409,0.5447825789451599
2022_4_R,MEDIUM,31,0.004442977475134177,0.5447825789451599
2022_4_R,MEDIUM,11,0.078744897959182,0.5447825789451599
2022_4_R,MEDIUM,30,0.02189515170081973,0.5447825789451599
2022_4_R,MEDIUM,23,0.014117508740827667,0.5447825789451599
2022_4_R,MEDIUM,35,0.02774493667928401,0.5447825789451599
2022_4_R,MEDIUM,11,0.04036469917308013,0.5447825789451599
2022_4_R,MEDIUM,20,0.02302213323399697,0.5447825789451599
2022_4_R,MEDIUM,36,0.02805080049958837,0.5447825789451599
2022_4_R,MEDIUM,28,0.04325468177207604,0.5447825789451599
2022_4_R,MEDIUM,28,0.0031192700653793577,0.5447825789451599
2022_4_R,MEDIUM,19,0.0542262911251743,0.5447825789451599
2022_4_R,MEDIUM,33,0.02355389379428063,0.5447825789451599
2022_4_R,MEDIUM,19,0.043019510538743394,0.5447825789451599
2022_4_R,SOFT,6,0.08908095238095357,0.48369917273521423
2022_4_R,SOFT,8,0.1701659863945631,0.48369917273521423
2022_4_R,SOFT,6,0.2001497023809514,0.48369917273521423
2022_4_R,HARD,22,-0.00023561748206078385,0.4215511083602905
2022_6_R,MEDIUM,11,0.2589095371669021,0.0046959491446614265
2022_6_R,MEDIUM,6,0.13224285714285777,0.0046959491446614265
2022_6_R,MEDIUM,14,0.07856145117468705,0.0046959491446614265
2022_6_R,MEDIUM,15,0.07969285714286016,0.0046959491446614265
2022_6_R,MEDIUM,26,0.11605844963911796,0.0046959491446614265
2022_6_R,MEDIUM,6,0.12615209125475205,0.0046959491446614265
2022_6_R,MEDIUM,19,0.07713010359536962,0.0046959491446614265
2022_6_R,MEDIUM,8,0.2031050724637662,0.0046959491446614265
2022_6_R,MEDIUM,23,0.18268364691753378,0.0046959491446614265
2022_6_R,MEDIUM,30,0.12752465857359815,0.0046959491446614265
2022_6_R,MEDIUM,17,0.050009980039920986,0.0046959491446614265
2022_6_R,MEDIUM,15,0.09715356489945112,0.0046959491446614265
2022_6_R,MEDIUM,11,0.11438056112224687,0.0046959491446614265
2022_6_R,MEDIUM,10,0.07127272727272443,0.0046959491446614265
2022_6_R,MEDIUM,15,0.11987857142857247,0.0046959491446614265
2022_6_R,MEDIUM,20,0.12484106881915072,0.0046959491446614265
2022_6_R,MEDIUM,11,0.0819516129032221,0.0046959491446614265
2022_6_R,MEDIUM,12,0.08386765448728617,0.0046959491446614265
2022_6_R,MEDIUM,6,0.09674285714285373,0.0046959491446614265
2022_6_R,MEDIUM,10,0.08548121034651247,0.0046959491446614265
2022_6_R,MEDIUM,15,0.08332554671968516,0.0046959491446614265
2022_6_R,MEDIUM,17,0.12186934890763694,0.0046959491446614265
2022_6_R,MEDIUM,15,0.059959240389069274,0.0046959491446614265
2022_6_R,MEDIUM,5,0.1775923076923075,0.0046959491446614265
2022_6_R,SOFT,16,0.15974023769100204,0.006643299944698811
2022_6_R,SOFT,18,0.035986608414851066,0.006643299944698811
2022_6_R,SOFT,10,0.2553818181818187,0.006643299944698811
2022_6_R,SOFT,7,0.09993041237113164,0.006643299944698811
2022_6_R,SOFT,13,0.12427099784637363,0.006643299944698811
2022_6_R,SOFT,4,0.04700000000000139,0.006643299944698811
2022_6_R,SOFT,10,0.15248262732032275,0.006643299944698811
2022_6_R,SOFT,8,0.3560191925876907,0.006643299944698811
2022_6_R,SOFT,20,0.07421591184306045,0.006643299944698811
2022_6_R,SOFT,9,0.35972222222222117,0.006643299944698811
2022_6_R,SOFT,16,0.12340077821011955,0.006643299944698811
2022_6_R,SOFT,4,0.24510000000000365,0.006643299944698811
2022_6_R,SOFT,7,0.1942857142857118,0.006643299944698811
2022_6_R,SOFT,14,0.09786984201839438,0.006643299944698811
2022_6_R,SOFT,11,0.3106381909547753,0.006643299944698811
2022_6_R,SOFT,4,0.15091428571429596,0.006643299944698811
2022_6_R,SOFT,15,0.1453357142857143,0.006643299944698811
2022_6_R,SOFT,12,0.2364015009380848,0.006643299944698811
2022_6_R,SOFT,4,0.02650000000000591,0.006643299944698811
2022_6_R,SOFT,9,0.1748910256410233,0.006643299944698811
2022_6_R,SOFT,5,0.07652702702703096,0.006643299944698811
2022_6_R,SOFT,13,0.14349095840867818,0.006643299944698811
2022_6_R,SOFT,6,0.1682966101694885,0.006643299944698811
2022_6_R,SOFT,10,0.4023180987202933,0.006643299944698811
2022_6_R,SOFT,11,0.18613970969414226,0.006643299944698811
2022_6_R,SOFT,4,-0.22760000000000077,0.006643299944698811
2022_6_R,SOFT,7,0.24682142857142972,0.006643299944698811
2022_6_R,SOFT,16,0.10237841191066624,0.006643299944698811
2022_6_R,SOFT,8,0.12482142857142701,0.006643299944698811
2022_6_R,SOFT,11,0.13054137447405056,0.006643299944698811
2022_6_R,SOFT,10,0.1495112781954883,0.006643299944698811
2022_6_R,SOFT,9,0.040875000000000015,0.006643299944698811
2022_6_R,SOFT,17,0.061333707360862987,0.006643299944698811
2022_6_R,HARD,27,0.1588941465594305,0.0034962925128638744
2022_8_R,HARD,9,0.04008970588235474,0.019425470381975174
2022_8_R,HARD,13,0.027966292733147494,0.019425470381975174
2022_8_R,HARD,23,0.005405166596493106,0.019425470381975174
2022_8_R,HARD,19,0.018208326978468494,0.019425470381975174
2022_8_R,HARD,23,0.037680083642877,0.019425470381975174
2022_8_R,HARD,10,-0.06143697478991819,0.019425470381975174
2022_8_R,HARD,13,0.14566947860225038,0.019425470381975174
2022_8_R,HARD,22,0.03998354002316741,0.019425470381975174
2022_8_R,HARD,8,0.029079756226809618,0.019425470381975174
2022_8_R,HARD,8,0.12681302521008372,0.019425470381975174
2022_8_R,HARD,18,0.024957602304379455,0.019425470381975174
2022_8_R,HARD,11,0.05425659118609255,0.019425470381975174
2022_8_R,HARD,14,0.06025709490643534,0.019425470381975174
2022_8_R,HARD,14,0.1062825662907607,0.019425470381975174
2022_8_R,HARD,14,0.1234470653576617,0.019425470381975174
2022_8_R,HARD,10,0.03715513047324283,0.019425470381975174
2022_8_R,HARD,21,0.03300683495790184,0.019425470381975174
2022_8_R,HARD,14,0.08791247575953692,0.019425470381975174
2022_8_R,HARD,15,0.024621079531524138,0.019425470381975174
2022_8_R,HARD,11,0.08439879573876953,0.019425470381975174
2022_8_R,HARD,14,0.08650737064359637,0.019425470381975174
2022_8_R,HARD,21,0.024623947962057597,0.019425470381975174
2022_8_R,HARD,6,0.18113578889499948,0.019425470381975174
2022_8_R,MEDIUM,5,0.09256302521008151,0.052869848906993866
2022_8_R,MEDIUM,14,-0.018025713903061125,0.052869848906993866
2022_8_R,MEDIUM,8,0.12851581549525515,0.052869848906993866
2022_8_R,MEDIUM,5,0.16290588235293285,0.052869848906993866
2022_8_R,MEDIUM,11,0.27952004785083634,0.052869848906993866
2022_8_R,MEDIUM,15,0.11772731092437067,0.052869848906993866
2022_8_R,MEDIUM,9,0.1117506936736933,0.052869848906993866
2022_8_R,MEDIUM,11,0.05892882142103856,0.052869848906993866
2022_8_R,MEDIUM,5,0.027105882352937875,0.052869848906993866
2022_8_R,MEDIUM,5,0.1412058823529336,0.052869848906993866
2022_8_R,MEDIUM,9,0.20315486194477897,0.052869848906993866
2022_8_R,SOFT,7,0.05287369057212865,0.05635620653629303
2022_9_R,MEDIUM,5,0.3076522911051205,0.1585322618484497
2022_9_R,MEDIUM,11,0.12551840028376235,0.1585322618484497
2022_9_R,MEDIUM,10,0.12416709956709689,0.1585322618484497
2022_9_R,MEDIUM,5,0.03957351407716061,0.1585322618484497
2022_9_R,MEDIUM,5,0.08374285714285036,0.1585322618484497
2022_9_R,MEDIUM,9,0.059385610766046766,0.1585322618484497
2022_9_R,MEDIUM,9,-0.022936853002068554,0.1585322618484497
2022_9_R,MEDIUM,11,0.030928700244751656,0.1585322618484497
2022_9_R,MEDIUM,6,0.13240000000000238,0.1585322618484497
2022_9_R,MEDIUM,7,-0.1566785714285694,0.1585322618484497
2022_9_R,HARD,20,0.04512657246252131,0.13103237748146057
2022_9_R,HARD,6,0.022485714285714033,0.13103237748146057
2022_9_R,HARD,17,0.04932798833819204,0.13103237748146057
2022_9_R,HARD,22,0.03928740824392937,0.13103237748146057
2022_9_R,HARD,22,0.08379338035187167,0.13103237748146057
2022_9_R,HARD,7,-0.022947868663591775,0.13103237748146057
2022_9_R,HARD,23,0.05065294238420904,0.13103237748146057
2022_9_R,HARD,12,0.03451676171929292,0.13103237748146057
2022_9_R,HARD,14,0.056078797242691034,0.13103237748146057
2022_9_R,HARD,19,0.056358275162167314,0.13103237748146057
2022_9_R,HARD,29,0.07985856817530483,0.13103237748146057
2022_9_R,HARD,27,0.04202258852259006,0.13103237748146057
2022_9_R,HARD,10,0.05163841807909167,0.13103237748146057
2022_9_R,HARD,10,0.10472531328320989,0.13103237748146057
2022_9_R,HARD,24,0.01553372670807468,0.13103237748146057
2022_9_R,HARD,13,0.024589731013471675,0.13103237748146057
2022_9_R,HARD,21,0.05690543840941224,0.13103237748146057
2022_9_R,HARD,24,0.03260218958611465,0.13103237748146057
2022_9_R,HARD,7,0.05521428571428766,0.13103237748146057
2022_9_R,HARD,23,0.055363936419032006,0.13103237748146057
2022_9_R,HARD,17,0.011102292768959158,0.13103237748146057
2022_9_R,HARD,6,0.07342694805194803,0.13103237748146057
2022_9_R,HARD,16,0.04135845516241488,0.13103237748146057
2023_10_R,MEDIUM,10,0.031200174825174426,0.11199438571929932
2023_10_R,MEDIUM,21,0.008669330669330988,0.11199438571929932
2023_10_R,MEDIUM,15,0.008522620155938377,0.11199438571929932
2023_10_R,MEDIUM,23,0.025070234113711013,0.11199438571929932
2023_10_R,MEDIUM,12,0.05253496503495831,0.11199438571929932
2023_10_R,MEDIUM,11,-0.005507995588639916,0.11199438571929932
2023_10_R,MEDIUM,21,0.05099590491550433,0.11199438571929932
2023_10_R,MEDIUM,8,0.02807654661814292,0.11199438571929932
2023_10_R,MEDIUM,11,0.06354910065059316,0.11199438571929932
2023_10_R,MEDIUM,6,0.027347252747255676,0.11199438571929932
2023_10_R,MEDIUM,9,0.02216153846153532,0.11199438571929932
2023_10_R,MEDIUM,11,0.04846459034352868,0.11199438571929932
2023_10_R,MEDIUM,11,0.06345460776846829,0.11199438571929932
2023_10_R,MEDIUM,27,0.03200976800976492,0.11199438571929932
2023_10_R,MEDIUM,9,0.0032192071731969255,0.11199438571929932
2023_10_R,SOFT,5,0.04663296703296624,0.09198491275310516
2023_10_R,SOFT,10,0.07142517482517792,0.09198491275310516
2023_10_R,SOFT,4,0.008761538461537299,0.09198491275310516
2023_10_R,SOFT,7,0.048135165463826346,0.09198491275310516
2023_10_R,SOFT,10,0.07187365967365852,0.09198491275310516
2023_10_R,SOFT,5,0.10946153846154516,0.09198491275310516
2023_10_R,SOFT,14,0.14068131868131975,0.09198491275310516
2023_10_R,HARD,14,0.034202127450013504,0.05201015993952751
2023_10_R,HARD,8,0.03280570211977705,0.05201015993952751
2023_10_R,HARD,12,0.107652694610782,0.05201015993952751
2023_10_R,HARD,15,0.07536510989010865,0.05201015993952751
2023_10_R,HARD,6,0.14460439560439034,0.05201015993952751
2023_11_R,HARD,19,0.06288573647998782,1.3858053762305644e-06
2023_11_R,HARD,32,0.033793511845475695,1.3858053762305644e-06
2023_11_R,HARD,16,0.056117433414044994,1.3858053762305644e-06
2023_11_R,HARD,22,0.0684078802553358,1.3858053762305644e-06
2023_11_R,HARD,16,0.0731136240119746,1.3858053762305644e-06
2023_11_R,HARD,28,0.04875185535148091,1.3858053762305644e-06
2023_11_R,HARD,23,0.07977394251444736,1.3858053762305644e-06
2023_11_R,HARD,7,0.0547152255639105,1.3858053762305644e-06
2023_11_R,HARD,25,0.10892707485415859,1.3858053762305644e-06
2023_11_R,HARD,8,0.05911764705882345,1.3858053762305644e-06
2023_11_R,HARD,18,0.07529109529595873,1.3858053762305644e-06
2023_11_R,HARD,24,0.09200439560439887,1.3858053762305644e-06
2023_11_R,HARD,9,0.010307142857144437,1.3858053762305644e-06
2023_11_R,HARD,19,0.10133531147168927,1.3858053762305644e-06
2023_11_R,HARD,4,0.2157428571428603,1.3858053762305644e-06
2023_11_R,HARD,14,0.03838753799392437,1.3858053762305644e-06
2023_11_R,HARD,23,0.05642187071066791,1.3858053762305644e-06
2023_11_R,HARD,22,0.09331868315010954,1.3858053762305644e-06
2023_11_R,HARD,4,0.0553714285714326,1.3858053762305644e-06
2023_11_R,HARD,16,0.06134208972845502,1.3858053762305644e-06
2023_11_R,HARD,19,0.07824459743736645,1.3858053762305644e-06
2023_11_R,HARD,26,0.03965707417013039,1.3858053762305644e-06
2023_11_R,HARD,19,0.08370876846449728,1.3858053762305644e-06
2023_11_R,HARD,24,0.0488735466789454,1.3858053762305644e-06
2023_11_R,HARD,13,0.12452968866923084,1.3858053762305644e-06
2023_11_R,HARD,20,0.05109455044296093,1.3858053762305644e-06
2023_11_R,MEDIUM,12,0.018119131308058815,8.061449079832528e-06
2023_11_R,MEDIUM,4,0.25284285714285754,8.061449079832528e-06
2023_11_R,MEDIUM,12,0.0400135868504249,8.061449079832528e-06
2023_11_R,MEDIUM,8,0.13166666666666765,8.061449079832528e-06
2023_11_R,MEDIUM,7,0.0530714285714244,8.061449079832528e-06
2023_11_R,MEDIUM,17,0.0785399378294361,8.061449079832528e-06
2023_11_R,MEDIUM,9,0.03220952380951909,8.061449079832528e-06
2023_11_R,MEDIUM,19,0.0790220384808853,8.061449079832528e-06
2023_11_R,MEDIUM,10,0.06193073593073902,8.061449079832528e-06
2023_11_R,MEDIUM,21,0.0930074578579936,8.061449079832528e-06
2023_11_R,MEDIUM,4,-0.14495714285714195,8.061449079832528e-06
2023_11_R,MEDIUM,32,0.04487700090607115,8.061449079832528e-06
2023_11_R,MEDIUM,11,0.07013500373971462,8.061449079832528e-06
2023_11_R,MEDIUM,13,0.07290626929643193,8.061449079832528e-06
2023_11_R,MEDIUM,14,0.02514932412719908,8.061449079832528e-06
2023_11_R,MEDIUM,19,0.01925864661654078,8.061449079832528e-06
2023_11_R,MEDIUM,13,0.04981978750761285,8.061449079832528e-06
2023_11_R,SOFT,6,0.07148571428571183,9.447230695514008e-06
2023_14_R,MEDIUM,10,0.1932270944741538,0.00011013451148755848
2023_14_R,MEDIUM,11,0.048005882352941245,0.00011013451148755848
2023_14_R,MEDIUM,15,0.09433711676690665,0.00011013451148755848
2023_14_R,MEDIUM,12,-0.009315096668038033,0.00011013451148755848
2023_14_R,MEDIUM,14,0.04025858505564324,0.00011013451148755848
2023_14_R,MEDIUM,10,0.03177860962566999,0.00011013451148755848
2023_14_R,MEDIUM,12,0.0582383913278109,0.00011013451148755848
2023_14_R,MEDIUM,19,0.04338658410732717,0.00011013451148755848
2023_14_R,MEDIUM,4,0.09980588235294052,0.00011013451148755848
2023_14_R,MEDIUM,7,0.2649915966386533,0.00011013451148755848
2023_14_R,MEDIUM,8,0.07147969187675093,0.00011013451148755848
2023_14_R,MEDIUM,6,0.11634873949579956,0.00011013451148755848
2023_14_R,MEDIUM,14,0.1464174208144766,0.00011013451148755848
2023_14_R,MEDIUM,12,0.1333909407500418,0.00011013451148755848
2023_14_R,MEDIUM,5,-0.019052645474707072,0.00011013451148755848
2023_14_R,MEDIUM,14,0.04853884938590902,0.00011013451148755848
2023_14_R,HARD,32,0.07142852445654757,2.258944914501626e-05
2023_14_R,HARD,22,0.03858529183868862,2.258944914501626e-05
2023_14_R,HARD,9,0.11334857103219058,2.258944914501626e-05
2023_14_R,HARD,4,0.04230588235293939,2.258944914501626e-05
2023_14_R,HARD,4,0.0896848007764067,2.258944914501626e-05
2023_14_R,HARD,5,0.1253924495171223,2.258944914501626e-05
2023_14_R,HARD,14,0.08609934719257405,2.258944914501626e-05
2023_14_R,HARD,5,0.3425058823529367,2.258944914501626e-05
2023_14_R,HARD,6,0.06539159663865249,2.258944914501626e-05
2023_14_R,HARD,6,0.07142765073352904,2.258944914501626e-05
2023_14_R,HARD,30,0.07006628279788002,2.258944914501626e-05
2023_14_R,HARD,28,0.10299532090936633,2.258944914501626e-05
2023_14_R,HARD,24,0.08111853548266147,2.258944914501626e-05
2023_14_R,HARD,22,0.07581196361827976,2.258944914501626e-05
2023_14_R,HARD,24,0.07858891233152779,2.258944914501626e-05
2023_15_R,MEDIUM,7,0.06384836065574136,0.004498397000133991
2023_15_R,MEDIUM,11,0.050280178837551266,0.004498397000133991
2023_15_R,MEDIUM,6,-0.11988735362998726,0.004498397000133991
2023_15_R,MEDIUM,6,0.018684074941455044,0.004498397000133991
2023_15_R,MEDIUM,9,0.1039316939890677,0.004498397000133991
2023_15_R,MEDIUM,9,0.12931611766508191,0.004498397000133991
2023_15_R,MEDIUM,16,-0.026913404050146795,0.004498397000133991
2023_15_R,MEDIUM,4,0.10579836065573488,0.004498397000133991
2023_15_R,MEDIUM,12,0.10655028373266012,0.004498397000133991
2023_15_R,MEDIUM,9,0.005008898138056871,0.004498397000133991
2023_15_R,SOFT,10,0.13489973575122927,0.005616841837763786
2023_15_R,SOFT,9,0.1159132255205996,0.005616841837763786
2023_15_R,HARD,27,0.05921412834951314,0.004221985582262278
2023_15_R,HARD,14,0.05013703360430358,0.004221985582262278
2023_15_R,HARD,9,0.17658600600457736,0.004221985582262278
2023_15_R,HARD,10,0.20892439471899685,0.004221985582262278
2023_15_R,HARD,16,0.08354628745425181,0.004221985582262278
2023_15_R,HARD,5,-0.13560163934426367,0.004221985582262278
2023_15_R,HARD,5,-0.02851316549154175,0.004221985582262278
2023_15_R,HARD,7,0.09924121779858992,0.004221985582262278
2023_15_R,HARD,10,0.11162728627557118,0.004221985582262278
2023_15_R,HARD,32,0.015888888888888217,0.004221985582262278
2023_15_R,HARD,18,0.05719146105379229,0.004221985582262278
2023_15_R,HARD,9,0.08616502732240401,0.004221985582262278
2023_15_R,HARD,14,0.07311711891201092,0.004221985582262278
2023_16_R,SOFT,10,0.13017599667342405,0.3843386173248291
2023_16_R,SOFT,13,0.13002788720713176,0.3843386173248291
2023_16_R,HARD,4,0.37946415094339037,0.33478933572769165
2023_16_R,HARD,25,0.1445738357640724,0.33478933572769165
2023_16_R,HARD,10,0.10579248907979916,0.33478933572769165
2023_16_R,HARD,16,0.15278473917868496,0.33478933572769165
2023_16_R,HARD,14,0.1106718378097015,0.33478933572769165
2023_16_R,HARD,13,0.14380091898697633,0.33478933572769165
2023_16_R,HARD,11,0.06142982436413764,0.33478933572769165
2023_16_R,HARD,23,0.05173014243141658,0.33478933572769165
2023_16_R,HARD,14,0.14136654516113506,0.33478933572769165
2023_16_R,HARD,14,0.17992564600686323,0.33478933572769165
2023_16_R,HARD,17,0.09918122116131566,0.33478933572769165
2023_16_R,HARD,12,0.10463677938082946,0.33478933572769165
2023_16_R,HARD,15,0.16818557951482618,0.33478933572769165
2023_16_R,HARD,8,0.06011837089224502,0.33478933572769165
2023_16_R,HARD,20,0.08892996044761235,0.33478933572769165
2023_16_R,HARD,16,0.05605126311523219,0.33478933572769165
2023_16_R,HARD,13,0.11122636024571969,0.33478933572769165
2023_16_R,HARD,22,0.10602994291097828,0.33478933572769165
2023_16_R,HARD,8,0.14130744098668835,0.33478933572769165
2023_16_R,HARD,8,0.06772843665768466,0.33478933572769165
2023_16_R,HARD,10,0.21641840626254244,0.33478933572769165
2023_16_R,HARD,20,0.0547676446278888,0.33478933572769165
2023_16_R,MEDIUM,5,0.2492528727479055,0.38445669412612915
2023_16_R,MEDIUM,12,0.06964741085528621,0.38445669412612915
2023_16_R,MEDIUM,14,0.1275938212730668,0.38445669412612915
2023_16_R,MEDIUM,8,0.15210722272970115,0.38445669412612915
2023_16_R,MEDIUM,5,0.20696415094340004,0.38445669412612915
2023_16_R,MEDIUM,5,0.10184624049564057,0.38445669412612915
2023_16_R,MEDIUM,13,0.1306651094098518,0.38445669412612915
2023_16_R,MEDIUM,10,0.1488147127411503,0.38445669412612915
2023_16_R,MEDIUM,16,0.1551926656375989,0.38445669412612915
2023_16_R,MEDIUM,9,0.19388818195114435,0.38445669412612915
2023_16_R,MEDIUM,18,0.07693597756878252,0.38445669412612915
2023_1_R,SOFT,13,0.16236176980913847,0.03906270116567612
2023_1_R,SOFT,16,0.11380061919504819,0.03906270116567612
2023_1_R,SOFT,10,0.18088867623604626,0.03906270116567612
2023_1_R,SOFT,5,0.25400284495021586,0.03906270116567612
2023_1_R,SOFT,8,0.1485447368421022,0.03906270116567612
2023_1_R,SOFT,9,0.1242447368420983,0.03906270116567612
2023_1_R,SOFT,13,0.2348067132818939,0.03906270116567612
2023_1_R,SOFT,4,0.13622232304899706,0.03906270116567612
2023_1_R,SOFT,5,-0.007053716766139982,0.03906270116567612
2023_1_R,SOFT,12,0.08711533848294323,0.03906270116567612
2023_1_R,SOFT,6,0.27595187969925195,0.03906270116567612
2023_1_R,SOFT,8,0.07193045112781576,0.03906270116567612
2023_1_R,SOFT,10,0.19391391174042538,0.03906270116567612
2023_1_R,SOFT,11,0.12341291866028928,0.03906270116567612
2023_1_R,SOFT,19,0.059193265051427704,0.03906270116567612
2023_1_R,SOFT,14,0.13693093308374757,0.03906270116567612
2023_1_R,HARD,12,0.10076536621273184,0.018161777406930923
2023_1_R,HARD,12,0.03391652217685447,0.018161777406930923
2023_1_R,HARD,14,0.09625175032570657,0.018161777406930923
2023_1_R,HARD,11,0.11191300168228806,0.018161777406930923
2023_1_R,HARD,23,0.06362323292000366,0.018161777406930923
2023_1_R,HARD,9,0.13107501572656757,0.018161777406930923
2023_1_R,HARD,19,0.12279230600235837,0.018161777406930923
2023_1_R,HARD,9,0.0846506191950474,0.018161777406930923
2023_1_R,HARD,15,0.03709365185114309,0.018161777406930923
2023_1_R,HARD,11,0.08809267583633505,0.018161777406930923
2023_1_R,HARD,11,0.16032200956937828,0.018161777406930923
2023_1_R,HARD,16,0.1074421761952004,0.018161777406930923
2023_1_R,HARD,4,0.050094736842106274,0.018161777406930923
2023_1_R,HARD,6,0.12896305982347003,0.018161777406930923
2023_1_R,HARD,11,0.1659947368421036,0.018161777406930923
2023_1_R,HARD,4,-0.07767669172931956,0.018161777406930923
2023_1_R,HARD,13,0.16886798560106542,0.018161777406930923
2023_1_R,HARD,5,0.1790947368421097,0.018161777406930923
2023_1_R,HARD,18,0.0770300891288815,0.018161777406930923
2023_1_R,HARD,11,0.11798727415553871,0.018161777406930923
2023_1_R,HARD,5,0.08074379344587951,0.018161777406930923
2023_1_R,HARD,16,0.08585944272445586,0.018161777406930923
2023_1_R,HARD,20,0.07848849183331837,0.018161777406930923
2023_1_R,HARD,8,0.09058521303258606,0.018161777406930923
2023_1_R,HARD,6,0.13997137917786873,0.018161777406930923
2023_1_R,HARD,24,0.08823114506256002,0.018161777406930923
2023_1_R,HARD,4,0.06339473684209818,0.018161777406930923
2023_1_R,HARD,17,0.07034092789410112,0.018161777406930923
2023_1_R,HARD,6,0.11346247877758714,0.018161777406930923
2023_1_R,MEDIUM,7,0.14168045112781297,0.03232501819729805
2023_2_R,MEDIUM,5,0.021500000000007048,0.00018064308096654713
2023_2_R,MEDIUM,7,0.02144340974211916,0.00018064308096654713
2023_2_R,MEDIUM,9,0.04252712264151081,0.00018064308096654713
2023_2_R,MEDIUM,8,-0.019488095238094656,0.00018064308096654713
2023_2_R,MEDIUM,18,0.023851393188854826,0.00018064308096654713
2023_2_R,MEDIUM,9,0.10540083798882391,0.00018064308096654713
2023_2_R,MEDIUM,11,0.04937272727273088,0.00018064308096654713
2023_2_R,MEDIUM,11,0.016519047619050334,0.00018064308096654713
2023_2_R,MEDIUM,9,-0.022002777777779092,0.00018064308096654713
2023_2_R,MEDIUM,9,-0.03969999999999887,0.00018064308096654713
2023_2_R,MEDIUM,12,0.000999999999999426,0.00018064308096654713
2023_2_R,HARD,25,0.009145574206012266,2.2053134671295993e-05
2023_2_R,HARD,5,0.08708139534883166,2.2053134671295993e-05
2023_2_R,HARD,4,0.04950000000001754,2.2053134671295993e-05
2023_2_R,HARD,22,0.008761158966325136,2.2053134671295993e-05
2023_2_R,HARD,8,0.018758816837315187,2.2053134671295993e-05
2023_2_R,HARD,21,0.005957951482481293,2.2053134671295993e-05
2023_2_R,HARD,15,0.05576924721984484,2.2053134671295993e-05
2023_2_R,HARD,11,0.025409839937024295,2.2053134671295993e-05
2023_2_R,HARD,7,-0.016642857142857088,2.2053134671295993e-05
2023_2_R,HARD,25,0.014056153846155972,2.2053134671295993e-05
2023_2_R,HARD,28,0.042322715463685545,2.2053134671295993e-05
2023_2_R,HARD,15,0.06059046909902846,2.2053134671295993e-05
2023_2_R,HARD,21,0.010723339011925154,2.2053134671295993e-05
2023_2_R,HARD,24,0.0003113043478283274,2.2053134671295993e-05
2023_2_R,HARD,21,0.012081055001606724,2.2053134671295993e-05
2023_2_R,HARD,23,0.08368986440678028,2.2053134671295993e-05
2023_2_R,SOFT,9,0.09420675675675268,0.00022609067673329264
2023_3_R,HARD,8,-0.01550086755349836,0.004302442539483309
2023_3_R,HARD,15,0.013050615874052105,0.004302442539483309
2023_3_R,HARD,5,0.031431372951661644,0.004302442539483309
2023_3_R,HARD,38,-0.01024190281898379,0.004302442539483309
2023_3_R,HARD,19,0.03682699300699359,0.004302442539483309
2023_3_R,HARD,16,0.0029762443438904455,0.004302442539483309
2023_3_R,HARD,10,0.01613326420031172,0.004302442539483309
2023_3_R,HARD,18,0.01685124649786412,0.004302442539483309
2023_3_R,HARD,16,0.002184410344598521,0.004302442539483309
2023_3_R,HARD,23,0.0028182578291283166,0.004302442539483309
2023_3_R,HARD,8,0.008005021737200578,0.004302442539483309
2023_3_R,HARD,8,0.12194473173884887,0.004302442539483309
2023_3_R,HARD,15,0.00931790761231635,0.004302442539483309
2023_3_R,HARD,23,0.0027330950684556383,0.004302442539483309
2023_3_R,HARD,35,0.0028195905057752054,0.004302442539483309
2023_3_R,MEDIUM,22,0.05906733363775958,0.02195771411061287
2023_3_R,MEDIUM,12,0.07476573426573212,0.02195771411061287
2023_3_R,SOFT,5,-0.09013846153845166,0.02053360641002655
2023_4_R,HARD,7,-0.03272268907562633,0.01925441436469555
2023_4_R,HARD,27,-0.011088951528588775,0.01925441436469555
2023_4_R,HARD,7,0.03441370128298132,0.01925441436469555
2023_4_R,HARD,14,0.026420739599714048,0.01925441436469555
2023_4_R,HARD,34,0.004735569089839215,0.01925441436469555
2023_4_R,HARD,5,0.08082216142270757,0.01925441436469555
2023_4_R,HARD,26,0.0020019507290092936,0.01925441436469555
2023_4_R,HARD,35,0.03649363488185332,0.01925441436469555
2023_4_R,HARD,15,0.009447901334822454,0.01925441436469555
2023_4_R,HARD,28,0.005127194824458569,0.01925441436469555
2023_4_R,HARD,14,0.0015251269572569186,0.01925441436469555
2023_4_R,HARD,16,0.036676556839744905,0.01925441436469555
2023_4_R,HARD,4,-0.14900840336133594,0.01925441436469555
2023_4_R,HARD,20,0.017317119440368477,0.01925441436469555
2023_4_R,HARD,15,-0.0016976890756265938,0.01925441436469555
2023_4_R,MEDIUM,12,0.05681142325004109,0.059552110731601715
2023_4_R,MEDIUM,5,0.04410588235293713,0.059552110731601715
2023_4_R,MEDIUM,6,-0.022494117647058835,0.059552110731601715
2023_4_R,MEDIUM,4,0.09540588235294516,0.059552110731601715
2023_5_R,HARD,14,0.05079406054330266,0.004445509985089302
2023_5_R,HARD,28,0.02382002419842722,0.004445509985089302
2023_5_R,HARD,35,0.03354045102239515,0.004445509985089302
2023_5_R,HARD,35,0.028313579423778545,0.004445509985089302
2023_5_R,HARD,22,0.048985745390380565,0.004445509985089302
2023_5_R,HARD,9,0.07589473684210692,0.004445509985089302
2023_5_R,HARD,10,0.020214590815709605,0.004445509985089302
2023_5_R,HARD,20,0.020898723334929564,0.004445509985089302
2023_5_R,HARD,22,0.03910647170716345,0.004445509985089302
2023_5_R,HARD,35,0.04735446250266757,0.004445509985089302
2023_5_R,HARD,14,0.04429446766310153,0.004445509985089302
2023_5_R,HARD,32,0.03450155037657678,0.004445509985089302
2023_5_R,HARD,39,0.039723039500946786,0.004445509985089302
2023_5_R,HARD,22,0.024214086157177933,0.004445509985089302
2023_5_R,HARD,17,0.02919214138951043,0.004445509985089302
2023_5_R,HARD,40,0.036479827502411494,0.004445509985089302
2023_5_R,HARD,7,0.007190655209451002,0.004445509985089302
2023_5_R,HARD,31,0.010512940323247663,0.004445509985089302
2023_5_R,HARD,4,-0.08981954887218024,0.004445509985089302
2023_5_R,MEDIUM,8,0.035735645933012886,0.006830201484262943
2023_5_R,MEDIUM,4,-0.08770526315789377,0.006830201484262943
2023_5_R,MEDIUM,11,0.018149282296649027,0.006830201484262943
2023_5_R,MEDIUM,12,0.0304120684313793,0.006830201484262943
2023_5_R,MEDIUM,4,0.1899947368421056,0.006830201484262943
2023_5_R,MEDIUM,10,-0.030687081339712978,0.006830201484262943
2023_5_R,MEDIUM,18,-0.0021940144478839988,0.006830201484262943
2023_5_R,MEDIUM,5,0.08199473684210634,0.006830201484262943
2023_5_R,MEDIUM,8,0.040128863826231986,0.006830201484262943
2023_5_R,MEDIUM,9,-0.04928859649122764,0.006830201484262943
2023_5_R,MEDIUM,20,0.04977613898426653,0.006830201484262943
2023_7_R,SOFT,5,0.027800000000002073,0.009667033329606056
2023_7_R,SOFT,8,0.010040540540536609,0.009667033329606056
2023_7_R,SOFT,20,0.00710040206127043,0.009667033329606056
2023_7_R,SOFT,9,0.10636666666666661,0.009667033329606056
2023_7_R,SOFT,9,0.1398195652173919,0.009667033329606056
2023_7_R,SOFT,14,0.060995604395605814,0.009667033329606056
2023_7_R,SOFT,4,0.20169999999999888,0.009667033329606056
2023_7_R,SOFT,10,0.11598284960421863,0.009667033329606056
2023_7_R,SOFT,8,0.06519047619047696,0.009667033329606056
2023_7_R,SOFT,12,0.05900000000000234,0.009667033329606056
2023_7_R,SOFT,16,0.06548085390259907,0.009667033329606056
2023_7_R,SOFT,10,0.05922424242424256,0.009667033329606056
2023_7_R,SOFT,17,0.06170459081836471,0.009667033329606056
2023_7_R,SOFT,10,0.05722912205567767,0.009667033329606056
2023_7_R,HARD,17,0.05943577743110175,0.004245164804160595
2023_7_R,HARD,4,0.04851428571428704,0.004245164804160595
2023_7_R,HARD,27,0.06388872987477755,0.004245164804160595
2023_7_R,HARD,15,0.04280774456521623,0.004245164804160595
2023_7_R,HARD,11,0.05699101589495167,0.004245164804160595
2023_7_R,HARD,8,0.10007749766573065,0.004245164804160595
2023_7_R,HARD,10,0.13109533468560014,0.004245164804160595
2023_7_R,HARD,9,0.07344022770398395,0.004245164804160595
2023_7_R,HARD,8,0.11979653679653897,0.004245164804160595
2023_7_R,HARD,16,0.15159465605457578,0.004245164804160595
2023_7_R,HARD,27,0.024939902427509552,0.004245164804160595
2023_7_R,HARD,16,0.05904193872426044,0.004245164804160595
2023_7_R,HARD,7,0.040517441860467844,0.004245164804160595
2023_7_R,HARD,18,0.05098659397622744,0.004245164804160595
2023_7_R,HARD,14,0.08994954020278037,0.004245164804160595
2023_7_R,HARD,20,0.07337681473455783,0.004245164804160595
2023_7_R,HARD,31,0.027175806451613466,0.004245164804160595
2023_7_R,HARD,18,0.05141836560849864,0.004245164804160595
2023_7_R,HARD,15,0.0325208786859277,0.004245164804160595
2023_7_R,HARD,8,0.0991666666666694,0.004245164804160595
2023_7_R,MEDIUM,26,0.033633078389147475,0.00921064242720604
2023_7_R,MEDIUM,9,0.08058333333333191,0.00921064242720604
2023_7_R,MEDIUM,5,0.0806999999999938,0.00921064242720604
2023_7_R,MEDIUM,22,0.0291465664502892,0.00921064242720604
2023_7_R,MEDIUM,8,0.11467025089605959,0.00921064242720604
2023_7_R,MEDIUM,15,0.0758702783300204,0.00921064242720604
2023_7_R,MEDIUM,7,0.15025970873786715,0.00921064242720604
2023_7_R,MEDIUM,7,0.11379868784530255,0.00921064242720604
2023_7_R,MEDIUM,22,0.04544904012255323,0.00921064242720604
2023_7_R,MEDIUM,16,0.05176266023606881,0.00921064242720604
2023_7_R,MEDIUM,8,0.11521428571428428,0.00921064242720604
2023_7_R,MEDIUM,18,0.05856784083496788,0.00921064242720604
2023_7_R,MEDIUM,14,0.05661340540540636,0.00921064242720604
2023_7_R,MEDIUM,20,0.05198383858662809,0.00921064242720604
2023_7_R,MEDIUM,24,0.030660434782607764,0.00921064242720604
2023_8_R,HARD,23,0.01455607746404829,0.09466558694839478
2023_8_R,HARD,14,0.05979210726380601,0.09466558694839478
2023_8_R,HARD,26,0.04744478676828526,0.09466558694839478
2023_8_R,HARD,5,0.061442857142858555,0.09466558694839478
2023_8_R,HARD,7,0.023577380952380187,0.09466558694839478
2023_8_R,HARD,12,0.04859881569207839,0.09466558694839478
2023_8_R,HARD,25,0.025003615089068062,0.09466558694839478
2023_8_R,HARD,9,0.04453795108857624,0.09466558694839478
2023_8_R,HARD,26,0.05168880063580684,0.09466558694839478
2023_8_R,HARD,26,0.051425021889431946,0.09466558694839478
2023_8_R,HARD,5,0.057400282885431635,0.09466558694839478
2023_8_R,HARD,13,0.06254750512645439,0.09466558694839478
2023_8_R,HARD,25,0.05070683303993085,0.09466558694839478
2023_8_R,HARD,14,0.07132990377498133,0.09466558694839478
2023_8_R,HARD,9,0.06057619047619213,0.09466558694839478
2023_8_R,HARD,26,0.028554822954822087,0.09466558694839478
2023_8_R,HARD,9,-0.004523809523810455,0.09466558694839478
2023_8_R,HARD,24,0.05835437278038638,0.09466558694839478
2023_8_R,HARD,16,0.02936208791208851,0.09466558694839478
2023_8_R,HARD,6,0.048918719211823974,0.09466558694839478
2023_8_R,HARD,22,0.06717734379622176,0.09466558694839478
2023_8_R,HARD,21,0.023647879299430498,0.09466558694839478
2023_8_R,MEDIUM,4,0.13964285714286015,0.13959482312202454
2023_8_R,MEDIUM,21,0.058500396192905244,0.13959482312202454
2023_8_R,MEDIUM,10,0.054671831092883615,0.13959482312202454
2023_8_R,MEDIUM,10,0.04741446208112996,0.13959482312202454
2023_8_R,MEDIUM,15,0.03859285714285875,0.13959482312202454
2023_8_R,MEDIUM,5,0.021053304904047592,0.13959482312202454
2023_8_R,MEDIUM,27,0.050687791120034485,0.13959482312202454
2023_8_R,MEDIUM,8,-0.005099281221921688,0.13959482312202454
2023_8_R,MEDIUM,25,0.04668656770666696,0.13959482312202454
2024_1_R,SOFT,4,0.08939473684211374,0.060281068086624146
2024_1_R,SOFT,10,0.12116746411482698,0.060281068086624146
2024_1_R,SOFT,8,0.06635577580314239,0.060281068086624146
2024_1_R,SOFT,8,0.12883167377903865,0.060281068086624146
2024_1_R,SOFT,20,0.1245308270676724,0.060281068086624146
2024_1_R,SOFT,10,0.07959776714513349,0.060281068086624146
2024_1_R,SOFT,5,-0.011505263157885285,0.060281068086624146
2024_1_R,SOFT,10,0.16649877081238137,0.060281068086624146
2024_1_R,SOFT,13,0.08937931339847047,0.060281068086624146
2024_1_R,SOFT,14,0.11137425675065732,0.060281068086624146
2024_1_R,HARD,4,-0.1265052631578809,0.029093559831380844
2024_1_R,HARD,17,0.13560307017543385,0.029093559831380844
2024_1_R,HARD,20,0.07748610465099147,0.029093559831380844
2024_1_R,HARD,11,0.07079931369875418,0.029093559831380844
2024_1_R,HARD,8,0.14338283208019906,0.029093559831380844
2024_1_R,HARD,23,0.060020524988383,0.029093559831380844
2024_1_R,HARD,10,0.09967049441786223,0.029093559831380844
2024_1_R,HARD,19,0.06065087719298244,0.029093559831380844
2024_1_R,HARD,20,0.09676270440419014,0.029093559831380844
2024_1_R,HARD,14,0.08840461315741316,0.029093559831380844
2024_1_R,HARD,15,0.06585978423547185,0.029093559831380844
2024_1_R,HARD,4,0.08150885233248027,0.029093559831380844
2024_1_R,HARD,11,0.09957922746552077,0.029093559831380844
2024_1_R,HARD,6,0.029494736842113487,0.029093559831380844
2024_1_R,HARD,17,0.13720989128225786,0.029093559831380844
2024_1_R,HARD,17,0.08964567317169723,0.029093559831380844
2024_1_R,HARD,17,0.1178579721362202,0.029093559831380844
2024_1_R,HARD,13,0.10688222170282234,0.029093559831380844
2024_1_R,HARD,18,0.09631341302320914,0.029093559831380844
2024_1_R,HARD,19,0.07496491228070218,0.029093559831380844
2024_1_R,HARD,16,0.09718991756499899,0.029093559831380844
2024_1_R,HARD,20,0.11322000704282549,0.029093559831380844
2024_1_R,HARD,6,0.14006247877758443,0.029093559831380844
2024_1_R,HARD,14,0.05337246104653682,0.029093559831380844
2024_1_R,HARD,21,0.1083334254597608,0.029093559831380844
2024_1_R,HARD,15,0.09893221721887048,0.029093559831380844
2024_1_R,HARD,18,0.08298278715657285,0.029093559831380844
2024_1_R,HARD,7,0.10460205391528112,0.029093559831380844
2024_1_R,HARD,8,0.16544194300780488,0.029093559831380844
2024_1_R,HARD,23,0.0868484016903347,0.029093559831380844
2024_1_R,HARD,6,-0.03150526315790002,0.029093559831380844
2024_1_R,HARD,5,-0.004105263157894568,0.029093559831380844
2024_1_R,HARD,18,0.1187048503611995,0.029093559831380844
2024_1_R,HARD,14,0.12173956442831377,0.029093559831380844
2024_1_R,HARD,20,0.10385850732625572,0.029093559831380844
2024_5_R,MEDIUM,5,0.3078151693667141,0.06025242805480957
2024_5_R,MEDIUM,9,0.24034259857788673,0.06025242805480957
2024_5_R,MEDIUM,14,0.1339038532161901,0.06025242805480957
2024_5_R,MEDIUM,7,0.07187377690802396,0.06025242805480957
2024_5_R,MEDIUM,12,0.07511454379839087,0.06025242805480957
2024_5_R,MEDIUM,11,0.07357402597402674,0.06025242805480957
2024_5_R,MEDIUM,6,0.09838571428571968,0.06025242805480957
2024_5_R,MEDIUM,4,0.1623797909407623,0.06025242805480957
2024_5_R,MEDIUM,6,0.008185714285714863,0.06025242805480957
2024_5_R,MEDIUM,4,0.5114285714285742,0.06025242805480957
2024_5_R,MEDIUM,7,0.15057925636007438,0.06025242805480957
2024_5_R,MEDIUM,7,0.09719589816124445,0.06025242805480957
2024_5_R,MEDIUM,12,0.12653696303696282,0.06025242805480957
2024_5_R,HARD,6,0.15292857142856667,0.03922393172979355
2024_5_R,HARD,7,0.17714285714285588,0.03922393172979355
2024_5_R,HARD,8,0.2162078507078471,0.03922393172979355
2024_5_R,HARD,11,0.08761481975967834,0.03922393172979355
2024_5_R,HARD,15,0.0851899159663906,0.03922393172979355
2024_5_R,HARD,6,0.1572933782955217,0.03922393172979355
2024_5_R,HARD,22,0.1087744212309432,0.03922393172979355
2024_5_R,HARD,6,0.1953577559779247,0.03922393172979355
2024_5_R,HARD,13,0.06386163387510575,0.03922393172979355
2024_5_R,HARD,4,0.07822857142857763,0.03922393172979355
2024_5_R,HARD,17,0.11712464985994368,0.03922393172979355
2024_5_R,HARD,19,0.08224479418886455,0.03922393172979355
2024_5_R,HARD,11,0.09663684210526506,0.03922393172979355
2024_5_R,HARD,23,0.06537407064679591,0.03922393172979355
2024_5_R,HARD,16,0.09276552012806824,0.03922393172979355
2024_5_R,HARD,18,0.15903536857780984,0.03922393172979355
2024_5_R,HARD,4,0.17435164835165426,0.03922393172979355
2024_5_R,HARD,25,0.11773626373626163,0.03922393172979355
2024_5_R,HARD,10,0.2207043290043264,0.03922393172979355
2024_5_R,SOFT,5,0.23112857142856835,0.05273660272359848
2024_5_R,SOFT,12,0.20350445948023832,0.05273660272359848
